domain,citizen_sentiment_index,official_sentiment_index,policymaker_support_index,raw_intensity_count,readiness_index,economic_pressure_index,policy_activity_index,citizen_policymaker_gap,policymaker_action_gap,citizen_action_gap,domain_alignment_score,policy_lag_score,cluster_id,archetype,is_anomaly,historical_growth_rate,growth_index,momentum_index,momentum_classification,early_warning
Privacy,50.0,85.15,81.35135135135135,185,25.47132674264209,50.0,17.978620019436345,31.35135135135135,63.372731331915006,32.02137998056365,57.75151244539,,0,Severe Disconnect,True,2.0833333333333335,99.99999999999999,70.0,High Priority (Accelerating),False
Social,50.0,50.0,60.625,160,25.76415018813546,50.0,15.54907677356657,10.625,45.07592322643343,34.45092322643343,69.94938451571105,,2,Highly Aligned,False,2.071428571428572,99.6078431372549,69.84313725490196,High Priority (Accelerating),False
Employment,50.0,47.45,73.41269841269842,126,35.48239388444335,50.0,12.244897959183673,23.41269841269842,61.167800453514744,37.755102040816325,59.221466364323504,,0,Severe Disconnect,False,0.696969696969697,54.331550802139034,51.73262032085562,High Priority (Accelerating),False
Other,50.0,60.333333333333336,67.444120505345,1029,29.7278919344766,50.0,100.0,17.444120505344998,32.555879494655,50.0,66.66666666666666,,1,Moderately Misaligned,True,0.6000000000000008,51.1372549019608,50.454901960784326,Medium Priority (Steady),False
Legal/Governance,50.0,62.175,71.27659574468085,141,34.3300036546408,50.0,13.702623906705538,21.276595744680847,57.57397183797531,36.29737609329446,61.61735210801646,,0,Severe Disconnect,False,0.36666666666666675,43.450980392156865,47.38039215686275,Medium Priority (Steady),False
Technology,50.0,58.1,58.19209039548023,177,29.941934840919735,50.0,17.20116618075802,8.192090395480228,40.99092421472221,32.79883381924198,72.6727171901852,,2,Highly Aligned,False,-0.5030303030303029,14.802139037433165,35.92085561497326,Low Priority (Cooling/Stable),False
Economic,50.0,55.85,51.851851851851855,81,26.980117042295145,50.0,7.871720116618077,1.8518518518518547,43.980131735233776,42.12827988338192,70.67991217651081,,2,Highly Aligned,False,-0.9523809523809528,0.0,30.0,Low Priority (Cooling/Stable),False
