domain,citizen_sentiment_index,official_sentiment_index,policymaker_support_index,raw_intensity_count,readiness_index,economic_pressure_index,policy_activity_index,citizen_policymaker_gap,policymaker_action_gap,citizen_action_gap,domain_alignment_score,policy_lag_score,cluster_id,archetype,is_anomaly
Economic,50.0,55.85,50.0,81,0.75,0.8499999999999998,7.871720116618077,0.0,42.12827988338192,42.12827988338192,71.91448007774538,-7.021720116618077,1,Highly Aligned,False
Employment,50.0,47.45,11.11111111111111,126,0.5999999999999996,0.9000000000000005,12.244897959183673,38.888888888888886,1.1337868480725621,37.755102040816325,74.07407407407408,-11.344897959183672,2,Moderately Misaligned,False
Legal/Governance,50.0,62.175,71.98581560283688,141,0.5499999999999999,0.5,13.702623906705538,21.98581560283688,58.28319169613134,36.29737609329446,61.14453886924577,-13.202623906705538,0,Severe Disconnect,False
Other,50.0,60.333333333333336,68.27016520894072,1029,0.5,0.5,100.0,18.270165208940725,31.729834791059275,50.0,66.66666666666666,-99.5,0,Severe Disconnect,True
Privacy,50.0,85.15,79.72972972972973,185,0.5,0.5999999999999999,17.978620019436345,29.729729729729726,61.75110971029338,32.02137998056365,58.83259352647108,-17.378620019436344,0,Severe Disconnect,True
Social,50.0,50.0,56.5625,160,0.39999999999999997,0.6500000000000001,15.54907677356657,6.5625,41.01342322643343,34.45092322643343,72.65771784904437,-14.89907677356657,1,Highly Aligned,False
Technology,50.0,58.1,50.0,177,0.7999999999999998,0.7000000000000001,17.20116618075802,0.0,32.79883381924198,32.79883381924198,78.13411078717202,-16.50116618075802,1,Highly Aligned,False
